Timestamp,Order,PDF,Status,Time(s),Error,Customer
2026-02-05 14:06:24,10015088_3,10015086_1,SUCCESS,10.1,,ELTEN
2026-02-05 14:06:35,10015088_3,10015087_1,SUCCESS,10.1,,ELTEN
2026-02-05 14:06:52,10015088_3,10015088_3,SUCCESS,16.9,,ELTEN
2026-02-05 14:07:07,10015088_3,10017233_1,SUCCESS,14.1,,ELTEN
2026-02-05 14:07:23,10015088_3,10017234_1,SUCCESS,14.8,,ELTEN
2026-02-05 14:07:38,10015088_3,10017235_2,SUCCESS,13.2,,ELTEN
2026-02-05 14:07:50,10015088_3,10017236_2,SUCCESS,11.7,,ELTEN
2026-02-05 14:08:05,10015088_3,10020335_1,SUCCESS,13.3,,ELTEN
2026-02-05 14:08:16,10015088_3,MD-19-04332_1,SUCCESS,10.3,,ELTEN
2026-02-05 14:08:34,10015088_3,MD-19-04343_2,SUCCESS,16.7,,ELTEN
2026-02-05 14:08:47,10015088_3,MD-20-07109_1,SUCCESS,12.1,,ELTEN
2026-02-05 14:09:03,10015088_3,MD-20-07126_1,SUCCESS,14.9,,ELTEN
2026-02-05 14:09:21,10015088_3,MD-20-07137_1,SUCCESS,17.1,,ELTEN
2026-02-05 14:09:32,10015088_3,MD-22-08802_2,SUCCESS,9.8,,ELTEN
2026-02-05 14:09:43,10015088_3,MD-22-08803_2,SUCCESS,10.6,,ELTEN
2026-02-05 14:09:57,10015088_3,MD-22-08804_1,SUCCESS,13.3,,ELTEN
2026-02-05 14:10:09,10015088_3,MD-22-08805_1,SUCCESS,10.5,,ELTEN
2026-02-05 14:10:19,10015088_3,MD-22-08812_1,SUCCESS,9.1,,ELTEN
2026-02-05 14:10:31,10015088_3,MD-22-08992_1,SUCCESS,11.2,,ELTEN
2026-02-05 14:10:53,10015088_3,md-22-08811_2-am,SUCCESS,20.3,,ELTEN
